name,dob,birthplace,sex,country_primary,victims_proven,status_evidence,screen_note,source_url
Adnan Çolak,5 September 1952,Turkey],U,Turkey,11.0,life_sentence_category,KNOWN_CONDITIONAL_RELEASE_2005_EXCLUDE,https://en.wikipedia.org/wiki/Adnan_Çolak
Alexander Bychkov,1 April 1988,"RSFSR , Soviet Union",M,Russia,9.0,life_sentence_category,SOURCE_TAXONOMY_CANDIDATE,https://en.wikipedia.org/wiki/Alexander_Bychkov
Alexander Pichushkin,9 April 1974,"Mytishchi , Moscow Oblast , Russian SFSR , USSR",M,Russia,49.0,life_sentence_category,SOURCE_TAXONOMY_CANDIDATE,https://en.wikipedia.org/wiki/Alexander_Pichushkin
Alfred Gaynor,"December 10, 1966","Springfield, Massachusetts , U.S.",U,United States,9.0,life_sentence_category,SOURCE_TAXONOMY_CANDIDATE,https://en.wikipedia.org/wiki/Alfred_Gaynor
Alfredo Galán,5 April 1978,"Puertollano , province of Ciudad Real , Castile-La Mancha , Spain",U,Spain,6.0,life_sentence_category,SOURCE_TAXONOMY_CANDIDATE,https://en.wikipedia.org/wiki/Alfredo_Galán
Alun Kyte,7 July 1964,"Tittensor , Stoke-on-Trent , England",M,England,2.0,life_sentence_category,SOURCE_TAXONOMY_CANDIDATE,https://en.wikipedia.org/wiki/Alun_Kyte
Anthony Kirkland,"September 13, 1968","Cincinnati , Ohio , U.S.",M,United States,5.0,death_sentence_category,SOURCE_TAXONOMY_CANDIDATE,https://en.wikipedia.org/wiki/Anthony_Kirkland
Artyom Alexandrovich Anoufriev and Nikita Vakhtangovich Lytkin,"March 24, 1993","Lytkin) Irkutsk , Irkutsk Oblast , Russia",U,Russia,,life_sentence_category,SOURCE_TAXONOMY_CANDIDATE,https://en.wikipedia.org/wiki/Academy_maniacs
Bernard Giles,"April 9, 1953","Titusville, Florida , U.S.",M,United States,5.0,life_sentence_category,SOURCE_TAXONOMY_CANDIDATE,https://en.wikipedia.org/wiki/Bernard_Giles
Beverley Allitt,4 October 1968,"Grantham , Lincolnshire, England",F,United Kingdom,13.0,life_sentence_category;sentence_incarcerated,SOURCE_TAXONOMY_CANDIDATE,https://en.wikipedia.org/wiki/Beverley_Allitt
Brenda Agüero,2 June 1995,"Buenos Aires , Argentina",F,Argentina,,life_sentence_category;sentence_incarcerated,SOURCE_TAXONOMY_CANDIDATE,https://en.wikipedia.org/wiki/Brenda_Agüero
Briley Brothers,"March 26, 1954","Richmond, Virginia , U.S. James ( 1956-06-06 ) June 6, 1956 Richmond, Virginia , U.S. Anthony ( 1958-02-17 ) February 17, 1958 (age 68) Richmond, Virginia , U.S.",U,,,sentence_incarcerated,COLLECTIVE_RECORD_AMBIGUOUS_DOB_EXCLUDE,https://en.wikipedia.org/wiki/Briley_Brothers
Charles Cullen,"February 22, 1960","West Orange, New Jersey , U.S.",M,United States,29.0,life_sentence_category,SOURCE_TAXONOMY_CANDIDATE,https://en.wikipedia.org/wiki/Charles_Cullen
Charles Sobhraj,6 April 1944,"Saigon , French Indochina",U,Thailand,12.0,named_inmate_category;life_sentence_category,KNOWN_RELEASED_2022_EXCLUDE,https://en.wikipedia.org/wiki/Charles_Sobhraj
Cleophus Prince Jr.,"July 24, 1967","Birmingham, Alabama , U.S.",M,,,death_sentence_category,SOURCE_TAXONOMY_CANDIDATE,https://en.wikipedia.org/wiki/Cleophus_Prince_Jr.
Colin Norris,12 February 1976,"Milton, Glasgow , Scotland",U,England,4.0,life_sentence_category,SOURCE_TAXONOMY_CANDIDATE,https://en.wikipedia.org/wiki/Colin_Norris
Daniel Blank,"June 28, 1962","Paulina, Louisiana , U.S.",U,United States,6.0,life_sentence_category;death_sentence_category;sentence_incarcerated;death_row_text,SOURCE_TAXONOMY_CANDIDATE,https://en.wikipedia.org/wiki/Daniel_Blank
Darren Deon Vann,"March 21, 1971","Indiana , U.S.",M,United States,7.0,life_sentence_category;sentence_incarcerated,SOURCE_TAXONOMY_CANDIDATE,https://en.wikipedia.org/wiki/Darren_Deon_Vann
David Berkowitz,"June 1, 1953","Brooklyn , New York, U.S.",M,,,life_sentence_category,SOURCE_TAXONOMY_CANDIDATE,https://en.wikipedia.org/wiki/David_Berkowitz
David Carpenter,"May 6, 1930","San Francisco , California, U.S.",M,United States,8.0,death_sentence_category,SOURCE_TAXONOMY_CANDIDATE,https://en.wikipedia.org/wiki/David_Carpenter
Dayton Leroy Rogers,"September 30, 1953","Moscow, Idaho , U.S.",M,United States,7.0,death_sentence_category,SOURCE_TAXONOMY_CANDIDATE,https://en.wikipedia.org/wiki/Dayton_Leroy_Rogers
Denis Pischikov,12 April 1983,"Bulanash, Sverdlovsk Oblast , RSFSR",U,Russia,14.0,named_inmate_category,SOURCE_TAXONOMY_CANDIDATE,https://en.wikipedia.org/wiki/Denis_Pischikov
Dennis Rader,"March 9, 1945","Pittsburg , Kansas , U.S.",M,United States,10.0,life_sentence_category;sentence_incarcerated,SOURCE_TAXONOMY_CANDIDATE,https://en.wikipedia.org/wiki/Dennis_Rader
Diego Alexánder Ruiz Restrepo,14 March 1990,"Cali , Colombia",M,Chile,7.0,life_sentence_category,SOURCE_TAXONOMY_CANDIDATE,https://en.wikipedia.org/wiki/Diego_Ruiz_Restrepo
Edmund Kemper,"December 18, 1948","Burbank, California , U.S.",M,United States,10.0,life_sentence_category,SOURCE_TAXONOMY_CANDIDATE,https://en.wikipedia.org/wiki/Edmund_Kemper
Efren Saldivar,"September 30, 1969","Brownsville, Texas , U.S.",M,United States,6.0,life_sentence_category,SOURCE_TAXONOMY_CANDIDATE,https://en.wikipedia.org/wiki/Efren_Saldivar
Elias Abuelazam,"August 29, 1976","Ramla , Israel",U,U.S.,2.0,life_sentence_category,SOURCE_TAXONOMY_CANDIDATE,https://en.wikipedia.org/wiki/Elias_Abuelazam
Elizabeth Wettlaufer,"June 10, 1967","Zorra , Ontario , Canada",F,Canada,14.0,life_sentence_category;sentence_incarcerated,SOURCE_TAXONOMY_CANDIDATE,https://en.wikipedia.org/wiki/Elizabeth_Wettlaufer
Faryion Wardrip,"March 6, 1959","Salem, Indiana , U.S.",M,United States,5.0,death_sentence_category;death_row_text,SOURCE_TAXONOMY_CANDIDATE,https://en.wikipedia.org/wiki/Faryion_Wardrip
Francis Heaulme,25 February 1959,"Metz , France",U,,9.0,life_sentence_category,SOURCE_TAXONOMY_CANDIDATE,https://en.wikipedia.org/wiki/Francis_Heaulme
Gary Ridgway,"February 18, 1949","Salt Lake City , Utah, U.S.",M,United States,,life_sentence_category,SOURCE_TAXONOMY_CANDIDATE,https://en.wikipedia.org/wiki/Gary_Ridgway
Guy Georges,15 October 1962,"Vitry-le-François , France",U,France,7.0,life_sentence_category;sentence_incarcerated,SOURCE_TAXONOMY_CANDIDATE,https://en.wikipedia.org/wiki/Guy_Georges
Gwendolyn Graham and Catherine May Wood,"August 6, 1963","California , U.S. Catherine Wood ( 1962-03-07 ) March 7, 1962 (age 64) Soap Lake, Washington , U.S.",F,United States,5.0,sentence_incarcerated,COLLECTIVE_RECORD_AMBIGUOUS_DOB_EXCLUDE,https://en.wikipedia.org/wiki/Gwendolyn_Graham_and_Cathy_Wood
Harrison Graham,"September 9, 1959","Philadelphia , Pennsylvania , U.S.",M,United States,7.0,life_sentence_category;death_sentence_category,SOURCE_TAXONOMY_CANDIDATE,https://en.wikipedia.org/wiki/Harrison_Graham
Henry Louis Wallace,"November 4, 1965","Barnwell, South Carolina , U.S.",M,United States,11.0,death_sentence_category,SOURCE_TAXONOMY_CANDIDATE,https://en.wikipedia.org/wiki/Henry_Louis_Wallace
Joan Vila Dilmé,26 September 1965,"Castellfollit de la Roca , Catalonia , Spain",M,Spain,11.0,life_sentence_category,SOURCE_TAXONOMY_CANDIDATE,https://en.wikipedia.org/wiki/Joan_Vila_Dilmé
Joel Rifkin,"January 20, 1959","New York City , U.S.",U,United States,9.0,life_sentence_category,SOURCE_TAXONOMY_CANDIDATE,https://en.wikipedia.org/wiki/Joel_Rifkin
John Edward Robinson,"December 27, 1943","Cicero, Illinois , U.S.",M,United States,8.0,life_sentence_category;death_sentence_category,SOURCE_TAXONOMY_CANDIDATE,https://en.wikipedia.org/wiki/John_Edward_Robinson
John Floyd Thomas Jr.,"July 26, 1936","Los Angeles , California , U.S.",M,United States,7.0,life_sentence_category,SOURCE_TAXONOMY_CANDIDATE,https://en.wikipedia.org/wiki/John_Floyd_Thomas_Jr.
José Manuel Martínez,"June 13, 1962","Fresno, California , U.S.",M,,12.0,life_sentence_category,SOURCE_TAXONOMY_CANDIDATE,https://en.wikipedia.org/wiki/José_Manuel_Martínez_(serial_killer)
Joseph James DeAngelo,"November 8, 1945","Bath, New York , U.S.",M,United States,13.0,life_sentence_category;sentence_incarcerated,SOURCE_TAXONOMY_CANDIDATE,https://en.wikipedia.org/wiki/Original_Night_Stalker
Joseph Naso,"January 7, 1934","Rochester, New York , U.S.",M,United States,10.0,death_sentence_category,SOURCE_TAXONOMY_CANDIDATE,https://en.wikipedia.org/wiki/Joseph_Naso
Julio Pérez Silva,"July 15, 1963","Puchuncaví , Valparaíso , Chile",M,Chile,14.0,life_sentence_category,SOURCE_TAXONOMY_CANDIDATE,https://en.wikipedia.org/wiki/Julio_Pérez_Silva
Kang Ho-sun,"October 10, 1969","Seocheon , South Korea",U,,10.0,death_sentence_category,SOURCE_TAXONOMY_CANDIDATE,https://en.wikipedia.org/wiki/Kang_Ho-sun
Keith Hunter Jesperson,6 April 1955,"Chilliwack , British Columbia , Canada",M,U.S.,8.0,life_sentence_category,SOURCE_TAXONOMY_CANDIDATE,https://en.wikipedia.org/wiki/Keith_Hunter_Jesperson
Kenneth Bianchi,"May 22, 1951","Rochester, New York , U.S.",M,United States,12.0,life_sentence_category,SOURCE_TAXONOMY_CANDIDATE,https://en.wikipedia.org/wiki/Kenneth_Bianchi
Kenneth Erskine,1 July 1963,"Hammersmith , London , England",M,,7.0,life_sentence_category,SOURCE_TAXONOMY_CANDIDATE,https://en.wikipedia.org/wiki/Kenneth_Erskine
Kimberly Clark Saenz,"November 3, 1973","Fall River, Massachusetts , U.S.",F,United States,10.0,life_sentence_category,SOURCE_TAXONOMY_CANDIDATE,https://en.wikipedia.org/wiki/Kimberly_Clark_Saenz
Kristen Gilbert,"November 13, 1967","Fall River, Massachusetts , U.S.",F,United States,4.0,life_sentence_category;sentence_incarcerated,SOURCE_TAXONOMY_CANDIDATE,https://en.wikipedia.org/wiki/Kristen_Gilbert
Lemuel Smith,"July 23, 1941","Amsterdam, New York , U.S.",M,United States,6.0,life_sentence_category;death_sentence_category,SOURCE_TAXONOMY_CANDIDATE,https://en.wikipedia.org/wiki/Lemuel_Smith
Lorenzo Gilyard,"May 24, 1950","Kansas City, Missouri , U.S.",M,United States,13.0,life_sentence_category;sentence_incarcerated,SOURCE_TAXONOMY_CANDIDATE,https://en.wikipedia.org/wiki/Lorenzo_Gilyard
Lucy Letby,4 January 1990,"Hereford , England",U,England,,life_sentence_category,SOURCE_TAXONOMY_CANDIDATE,https://en.wikipedia.org/wiki/Lucy_Letby
Marc Dutroux,6 November 1956,"Ixelles , Brussels , Belgium",U,Belgium,4.0,life_sentence_category,SOURCE_TAXONOMY_CANDIDATE,https://en.wikipedia.org/wiki/Marc_Dutroux
Mark Goudeau,"September 6, 1964","Phoenix, Arizona , U.S.",M,United States,9.0,life_sentence_category;death_sentence_category,SOURCE_TAXONOMY_CANDIDATE,https://en.wikipedia.org/wiki/Mark_Goudeau
Marybeth Tinning,"September 11, 1942","Duanesburg , New York , U.S.",F,,9.0,life_sentence_category,KNOWN_RELEASED_2018_EXCLUDE,https://en.wikipedia.org/wiki/Marybeth_Tinning
Maxim Petrov,14 November 1965,"Kolpino , Leningrad Oblast , RSFSR , Soviet Union",U,Russia,11.0,named_inmate_category;life_sentence_category,SOURCE_TAXONOMY_CANDIDATE,https://en.wikipedia.org/wiki/Maxim_Petrov
Michael Bear Carson and Suzan Carson,"November 28, 1950",,U,United States,3.0,life_sentence_category,COLLECTIVE_RECORD_AMBIGUOUS_DOB_EXCLUDE,https://en.wikipedia.org/wiki/Michael_Bear_Carson_and_Suzan_Carson
Michael Swango,"October 21, 1954","Tacoma, Washington , U.S.",M,United States,4.0,named_inmate_category;life_sentence_category;sentence_incarcerated,SOURCE_TAXONOMY_CANDIDATE,https://en.wikipedia.org/wiki/Michael_Swango
Michael Wayne McGray,"July 11, 1965","Collingwood, Ontario Canada",M,Canada United States (alleged),7.0,life_sentence_category,SOURCE_TAXONOMY_CANDIDATE,https://en.wikipedia.org/wiki/Michael_Wayne_McGray
Mikhail Popkov,7 March 1964,"Norilsk , Krasnoyarsk Krai , Russian SFSR , USSR",M,Russia,83.0,named_inmate_category;life_sentence_category,SOURCE_TAXONOMY_CANDIDATE,https://en.wikipedia.org/wiki/Mikhail_Popkov
Nathaniel White,"July 28, 1960",,U,United States,6.0,life_sentence_category,SOURCE_TAXONOMY_CANDIDATE,https://en.wikipedia.org/wiki/Nathaniel_White
Niels Högel,30 December 1976,"Wilhelmshaven , Lower Saxony , West Germany",M,Germany,85.0,life_sentence_category;sentence_incarcerated,SOURCE_TAXONOMY_CANDIDATE,https://en.wikipedia.org/wiki/Niels_Högel
Nikolai Dudin,22 December 1973,"Mikhalkovo, Ivanovo Oblast , RSFSR , Soviet Union",U,Soviet Union,13.0,named_inmate_category,SOURCE_TAXONOMY_CANDIDATE,https://en.wikipedia.org/wiki/Nikolai_Dudin
Nikolai Dzhumagaliev,15 November 1952,"Uzynagash , Kazakh SSR , Soviet Union",U,Soviet Union,10.0,life_sentence_category,SOURCE_TAXONOMY_CANDIDATE,https://en.wikipedia.org/wiki/Nikolai_Dzhumagaliev
Pam Hupp,"October 10, 1958",,F,United States,,life_sentence_category;sentence_incarcerated,SOURCE_TAXONOMY_CANDIDATE,https://en.wikipedia.org/wiki/Pam_Hupp
Paul Durousseau,"August 11, 1970","Beaumont , Texas , U.S.",U,United States,7.0,death_sentence_category;sentence_incarcerated,SOURCE_TAXONOMY_CANDIDATE,https://en.wikipedia.org/wiki/Paul_Durousseau
Paul Steven Haigh,5 September 1957,,M,Australia,7.0,life_sentence_category,SOURCE_TAXONOMY_CANDIDATE,https://en.wikipedia.org/wiki/Paul_Steven_Haigh
Reta Mays,"June 16, 1975","Reynoldsville, West Virginia , U.S.",F,United States,8.0,life_sentence_category,SOURCE_TAXONOMY_CANDIDATE,https://en.wikipedia.org/wiki/Reta_Mays
Richard Angelo,"August 29, 1962","Long Island, New York , U.S.",M,United States,4.0,life_sentence_category,SOURCE_TAXONOMY_CANDIDATE,https://en.wikipedia.org/wiki/Richard_Angelo
Robert Joseph Silveria Jr.,"March 3, 1959","Redwood City, California , U.S.",U,United States,9.0,life_sentence_category,SOURCE_TAXONOMY_CANDIDATE,https://en.wikipedia.org/wiki/Robert_Joseph_Silveria_Jr.
Robledo Puch,19 January 1952,"Buenos Aires , Argentina",U,Argentina,11.0,life_sentence_category,SOURCE_TAXONOMY_CANDIDATE,https://en.wikipedia.org/wiki/Robledo_Puch
Rory Enrique Conde,"June 14, 1965","Barranquilla , Atlántico Department, Colombia",M,United States,6.0,death_sentence_category,SOURCE_TAXONOMY_CANDIDATE,https://en.wikipedia.org/wiki/Rory_Enrique_Conde
Sean Vincent Gillis,"June 24, 1962","Baton Rouge, Louisiana , U.S.",M,United States,8.0,life_sentence_category,SOURCE_TAXONOMY_CANDIDATE,https://en.wikipedia.org/wiki/Sean_Vincent_Gillis
Sergei Martynov,2 June 1962,"Nyazepetrovsk , Chelyabinsk Oblast , Soviet Union",U,Russia,9.0,named_inmate_category;life_sentence_category,SOURCE_TAXONOMY_CANDIDATE,https://en.wikipedia.org/wiki/Sergei_Martynov_(serial_killer)
Sergey Shipilov,17 May 1959,"Arkhangelsk , Arkhangelsk Oblast , RSFSR",U,Russia,14.0,named_inmate_category,SOURCE_TAXONOMY_CANDIDATE,https://en.wikipedia.org/wiki/Sergey_Shipilov
Sibusiso Duma,6 May 1984,South Africa,U,South Africa,7.0,life_sentence_category,SOURCE_TAXONOMY_CANDIDATE,https://en.wikipedia.org/wiki/Sibusiso_Duma
Stephan Letter,17 September 1978,"Herdecke , North Rhine-Westphalia , West Germany",U,Germany,28.0,life_sentence_category,SOURCE_TAXONOMY_CANDIDATE,https://en.wikipedia.org/wiki/Stephan_Letter
Timothy Krajcir,"November 28, 1944","West Mahanoy Township, Pennsylvania , U.S.",M,,9.0,life_sentence_category;sentence_incarcerated,SOURCE_TAXONOMY_CANDIDATE,https://en.wikipedia.org/wiki/Timothy_Krajcir
Todd Kohlhepp,"March 7, 1971","Fort Lauderdale, Florida , U.S.",M,United States,7.0,life_sentence_category;sentence_incarcerated,SOURCE_TAXONOMY_CANDIDATE,https://en.wikipedia.org/wiki/Todd_Kohlhepp
Very Idham Henyansyah,"February 1, 1978","Jombang , Indonesia",U,Indonesia,11.0,death_sentence_category,SOURCE_TAXONOMY_CANDIDATE,https://en.wikipedia.org/wiki/Very_Idham_Henyansyah
Vickie Dawn Jackson,"February 13, 1966","Montague County, Texas , U.S.",F,United States,10.0,life_sentence_category,SOURCE_TAXONOMY_CANDIDATE,https://en.wikipedia.org/wiki/Vickie_Dawn_Jackson
Vincent Johnson,"January 6, 1969","Brooklyn , New York , U.S.",U,United States,5.0,life_sentence_category,SOURCE_TAXONOMY_CANDIDATE,https://en.wikipedia.org/wiki/Vincent_Johnson
Vladimir Kuzmin,14 September 1965,"Moscow , RSFSR , Soviet Union",U,Russia,7.0,life_sentence_category,SOURCE_TAXONOMY_CANDIDATE,https://en.wikipedia.org/wiki/Vladimir_Kuzmin_(serial_killer)
Vladimir Mukhankin,22 April 1960,"Zernogradsky District , Rostov Oblast , RSFSR , Soviet Union",U,Russia,9.0,named_inmate_category;life_sentence_category;death_sentence_category,SOURCE_TAXONOMY_CANDIDATE,https://en.wikipedia.org/wiki/Vladimir_Mukhankin
Vladimir Retunsky,4 February 1950,"Povorino , Voronezh Oblast , RSFSR , Soviet Union",M,Soviet Union,9.0,death_sentence_category,SOURCE_TAXONOMY_CANDIDATE,https://en.wikipedia.org/wiki/Vladimir_Retunsky
Wayne Williams,"May 27, 1958","Atlanta , Georgia, U.S.",M,United States,2.0,life_sentence_category,SOURCE_TAXONOMY_CANDIDATE,https://en.wikipedia.org/wiki/Wayne_Williams
William Edward Wells,"October 7, 1975","Florida , U.S.",M,,7.0,life_sentence_category;death_sentence_category,SOURCE_TAXONOMY_CANDIDATE,https://en.wikipedia.org/wiki/William_Edward_Wells
William Patrick Fyfe,"February 27, 1955","Toronto , Ontario , Canada",U,Canada,5.0,life_sentence_category,SOURCE_TAXONOMY_CANDIDATE,https://en.wikipedia.org/wiki/William_Patrick_Fyfe
William Suff,"August 20, 1950","Torrance, California , U.S.",M,United States,14.0,death_sentence_category,SOURCE_TAXONOMY_CANDIDATE,https://en.wikipedia.org/wiki/William_Suff
Yevgeny Petrov,17 December 1975,"Novouralsk , Sverdlovsk Oblast , RSFSR , Soviet Union",U,Russia,11.0,life_sentence_category,SOURCE_TAXONOMY_CANDIDATE,https://en.wikipedia.org/wiki/Yevgeny_Petrov_(serial_killer)
