pair_id,offender_name,offender_dob,offender_birthplace,offender_sex,offender_country_primary,offender_status_evidence,offender_source_url,control_name,control_dob,control_birthplace,control_sex,control_category,year_gap
1,Alexander Bychkov,1 April 1988,"RSFSR , Soviet Union",M,Russia,life_sentence_category,https://en.wikipedia.org/wiki/Alexander_Bychkov,Abiy Ahmed Ali,1976-08-15,"Beshasha, Ethiopia",Male,Peace,12
2,Alexander Pichushkin,9 April 1974,"Mytishchi , Moscow Oblast , Russian SFSR , USSR",M,Russia,life_sentence_category,https://en.wikipedia.org/wiki/Alexander_Pichushkin,Michael Kremer,1964-11-12,"New York, NY, United States of America",Male,Economics,10
3,Alfred Gaynor,"December 10, 1966","Springfield, Massachusetts , U.S.",U,United States,life_sentence_category,https://en.wikipedia.org/wiki/Alfred_Gaynor,Eric A. Cornell,1961-12-19,"Palo Alto, CA, United States of America",Male,Physics,5
4,Alfredo Galán,5 April 1978,"Puertollano , province of Ciudad Real , Castile-La Mancha , Spain",U,Spain,life_sentence_category,https://en.wikipedia.org/wiki/Alfredo_Galán,Narges Mohammadi,1972-04-21,"Zanjan, Iran",Female,Peace,6
5,Alun Kyte,7 July 1964,"Tittensor , Stoke-on-Trent , England",M,England,life_sentence_category,https://en.wikipedia.org/wiki/Alun_Kyte,Takaaki Kajita,1959-03-09,"Higashimatsuyama, Japan",Male,Physics,5
6,Anthony Kirkland,"September 13, 1968","Cincinnati , Ohio , U.S.",M,United States,death_sentence_category,https://en.wikipedia.org/wiki/Anthony_Kirkland,Ales Bialiatski,1962-09-25,"Vyartsilya Karelia, Russia",Male,Peace,6
7,Bernard Giles,"April 9, 1953","Titusville, Florida , U.S.",M,United States,life_sentence_category,https://en.wikipedia.org/wiki/Bernard_Giles,Douglas Diamond,1953-10-25,"Chicago, IL, United States of America",Male,Economics,0
8,Beverley Allitt,4 October 1968,"Grantham , Lincolnshire, England",F,United Kingdom,life_sentence_category;sentence_incarcerated,https://en.wikipedia.org/wiki/Beverley_Allitt,Olga Tokarczuk,1962-01-29,"Sulechów, Poland",Female,Literature,6
9,Brenda Agüero,2 June 1995,"Buenos Aires , Argentina",F,Argentina,life_sentence_category;sentence_incarcerated,https://en.wikipedia.org/wiki/Brenda_Agüero,Malala Yousafzai,1997-07-12,"Mingora, Pakistan",Female,Peace,2
10,Charles Cullen,"February 22, 1960","West Orange, New Jersey , U.S.",M,United States,life_sentence_category,https://en.wikipedia.org/wiki/Charles_Cullen,Liu Xiaobo,1955-12-28,China,Male,Peace,5
11,Cleophus Prince Jr.,"July 24, 1967","Birmingham, Alabama , U.S.",M,,death_sentence_category,https://en.wikipedia.org/wiki/Cleophus_Prince_Jr.,Ferenc Krausz,1962-05-17,"Mór, Hungary",Male,Physics,5
12,Colin Norris,12 February 1976,"Milton, Glasgow , Scotland",U,England,life_sentence_category,https://en.wikipedia.org/wiki/Colin_Norris,David MacMillan,1968-03-16,"Bellshill, United Kingdom",Male,Chemistry,8
13,Daniel Blank,"June 28, 1962","Paulina, Louisiana , U.S.",U,United States,life_sentence_category;death_sentence_category;sentence_incarcerated;death_row_text,https://en.wikipedia.org/wiki/Daniel_Blank,Bruce A. Beutler,1957-12-29,"Chicago, IL, United States of America",Male,Medicine,5
14,Darren Deon Vann,"March 21, 1971","Indiana , U.S.",M,United States,life_sentence_category;sentence_incarcerated,https://en.wikipedia.org/wiki/Darren_Deon_Vann,Shinya Yamanaka,1962-09-04,"Osaka, Japan",Male,Medicine,9
15,David Berkowitz,"June 1, 1953","Brooklyn , New York, U.S.",M,,life_sentence_category,https://en.wikipedia.org/wiki/David_Berkowitz,Jean Tirole,1953-08-09,"Troyes, France",Male,Economics,0
16,David Carpenter,"May 6, 1930","San Francisco , California, U.S.",M,United States,death_sentence_category,https://en.wikipedia.org/wiki/David_Carpenter,Leon Neil Cooper,1930-02-28,"New York, NY, United States of America",Male,Physics,0
17,Dayton Leroy Rogers,"September 30, 1953","Moscow, Idaho , U.S.",M,United States,death_sentence_category,https://en.wikipedia.org/wiki/Dayton_Leroy_Rogers,Ben Bernanke,1953-12-13,"Augusta, GA, United States of America",Male,Economics,0
18,Denis Pischikov,12 April 1983,"Bulanash, Sverdlovsk Oblast , RSFSR",U,Russia,named_inmate_category,https://en.wikipedia.org/wiki/Denis_Pischikov,Leymah Gbowee,1972-02-01,"Monrovia, Liberia",Female,Peace,11
19,Dennis Rader,"March 9, 1945","Pittsburg , Kansas , U.S.",M,United States,life_sentence_category;sentence_incarcerated,https://en.wikipedia.org/wiki/Dennis_Rader,Richard R. Schrock,1945-01-04,"Berne, IN, United States of America",Male,Chemistry,0
20,Edmund Kemper,"December 18, 1948","Burbank, California , U.S.",M,United States,life_sentence_category,https://en.wikipedia.org/wiki/Edmund_Kemper,Hartmut Michel,1948-07-18,"Ludwigsburg, Germany",Male,Chemistry,0
21,Efren Saldivar,"September 30, 1969","Brownsville, Texas , U.S.",M,United States,life_sentence_category,https://en.wikipedia.org/wiki/Efren_Saldivar,Edvard I. Moser,1962-04-27,"Ålesund, Norway",Male,Medicine,7
22,Elias Abuelazam,"August 29, 1976","Ramla , Israel",U,U.S.,life_sentence_category,https://en.wikipedia.org/wiki/Elias_Abuelazam,Emmanuelle Charpentier,1968-12-11,"Juvisy-sur-Orge, France",Female,Chemistry,8
23,Elizabeth Wettlaufer,"June 10, 1967","Zorra , Ontario , Canada",F,Canada,life_sentence_category;sentence_incarcerated,https://en.wikipedia.org/wiki/Elizabeth_Wettlaufer,Carol W. Greider,1961-04-15,"San Diego, CA, United States of America",Female,Medicine,6
24,Faryion Wardrip,"March 6, 1959","Salem, Indiana , U.S.",M,United States,death_sentence_category;death_row_text,https://en.wikipedia.org/wiki/Faryion_Wardrip,Philip Dybvig,1955-05-22,"Gainesville, FL, United States of America",Male,Economics,4
25,Francis Heaulme,25 February 1959,"Metz , France",U,,life_sentence_category,https://en.wikipedia.org/wiki/Francis_Heaulme,Thomas C. Südhof,1955-12-22,"Göttingen, Germany",Male,Medicine,4
26,Gary Ridgway,"February 18, 1949","Salt Lake City , Utah, U.S.",M,United States,life_sentence_category,https://en.wikipedia.org/wiki/Gary_Ridgway,José Ramos-Horta,1949-12-26,"Dili, East Timor",Male,Peace,0
27,Guy Georges,15 October 1962,"Vitry-le-François , France",U,France,life_sentence_category;sentence_incarcerated,https://en.wikipedia.org/wiki/Guy_Georges,Wolfgang Ketterle,1957-10-21,"Heidelberg, Germany",Male,Physics,5
28,Harrison Graham,"September 9, 1959","Philadelphia , Pennsylvania , U.S.",M,United States,life_sentence_category;death_sentence_category,https://en.wikipedia.org/wiki/Harrison_Graham,Svante Pääbo,1955-04-20,"Stockholm, Sweden",Male,Medicine,4
29,Henry Louis Wallace,"November 4, 1965","Barnwell, South Carolina , U.S.",M,United States,death_sentence_category,https://en.wikipedia.org/wiki/Henry_Louis_Wallace,Barack H. Obama,1961-08-04,"Honolulu, HI, United States of America",Male,Peace,4
30,Joan Vila Dilmé,26 September 1965,"Castellfollit de la Roca , Catalonia , Spain",M,Spain,life_sentence_category,https://en.wikipedia.org/wiki/Joan_Vila_Dilmé,Hiroshi Amano,1960-09-11,"Hamamatsu, Japan",Male,Physics,5
31,Joel Rifkin,"January 20, 1959","New York City , U.S.",U,United States,life_sentence_category,https://en.wikipedia.org/wiki/Joel_Rifkin,Denis Mukwege,1955-03-01,"Bukavu, Democratic Republic of the Congo",Male,Peace,4
32,John Edward Robinson,"December 27, 1943","Cicero, Illinois , U.S.",M,United States,life_sentence_category;death_sentence_category,https://en.wikipedia.org/wiki/John_Edward_Robinson,Lech Walesa,1943-09-29,"Popowo, Poland",Male,Peace,0
33,John Floyd Thomas Jr.,"July 26, 1936","Los Angeles , California , U.S.",M,United States,life_sentence_category,https://en.wikipedia.org/wiki/John_Floyd_Thomas_Jr.,Samuel Chao Chung Ting,1936-01-27,"Ann Arbor, MI, United States of America",Male,Physics,0
34,José Manuel Martínez,"June 13, 1962","Fresno, California , U.S.",M,,life_sentence_category,https://en.wikipedia.org/wiki/José_Manuel_Martínez_(serial_killer),Roderick MacKinnon,1956-02-19,"Burlington, MA, United States of America",Male,Chemistry,6
35,Joseph James DeAngelo,"November 8, 1945","Bath, New York , U.S.",M,United States,life_sentence_category;sentence_incarcerated,https://en.wikipedia.org/wiki/Original_Night_Stalker,Douglas D. Osheroff,1945-08-01,"Aberdeen, WA, United States of America",Male,Physics,0
36,Joseph Naso,"January 7, 1934","Rochester, New York , U.S.",M,United States,death_sentence_category,https://en.wikipedia.org/wiki/Joseph_Naso,Howard Martin Temin,1934-12-10,"Philadelphia, PA, United States of America",Male,Medicine,0
37,Julio Pérez Silva,"July 15, 1963","Puchuncaví , Valparaíso , Chile",M,Chile,life_sentence_category,https://en.wikipedia.org/wiki/Julio_Pérez_Silva,Drew Weissman,1959-09-07,"Lexington, MA, United States of America",Male,Medicine,4
38,Kang Ho-sun,"October 10, 1969","Seocheon , South Korea",U,,death_sentence_category,https://en.wikipedia.org/wiki/Kang_Ho-sun,Maria Ressa,1963-10-02,"Manila, Philippines",Female,Peace,6
39,Keith Hunter Jesperson,6 April 1955,"Chilliwack , British Columbia , Canada",M,U.S.,life_sentence_category,https://en.wikipedia.org/wiki/Keith_Hunter_Jesperson,Peter Ratcliffe,1954-05-14,"Lancashire, United Kingdom",Male,Medicine,1
40,Kenneth Bianchi,"May 22, 1951","Rochester, New York , U.S.",M,United States,life_sentence_category,https://en.wikipedia.org/wiki/Kenneth_Bianchi,Carl E. Wieman,1951-03-26,"Corvallis, OR, United States of America",Male,Physics,0
41,Kenneth Erskine,1 July 1963,"Hammersmith , London , England",M,,life_sentence_category,https://en.wikipedia.org/wiki/Kenneth_Erskine,Jon Fosse,1959-09-29,"Haugesund, Norway",Male,Literature,4
42,Kimberly Clark Saenz,"November 3, 1973","Fall River, Massachusetts , U.S.",F,United States,life_sentence_category,https://en.wikipedia.org/wiki/Kimberly_Clark_Saenz,Jennifer A. Doudna,1964-02-19,"Washington, D.C., United States of America",Female,Chemistry,9
43,Kristen Gilbert,"November 13, 1967","Fall River, Massachusetts , U.S.",F,United States,life_sentence_category;sentence_incarcerated,https://en.wikipedia.org/wiki/Kristen_Gilbert,Rigoberta Menchú Tum,1959-01-09,"Aldea Chimel, Guatemala",Female,Peace,8
44,Lemuel Smith,"July 23, 1941","Amsterdam, New York , U.S.",M,United States,life_sentence_category;death_sentence_category,https://en.wikipedia.org/wiki/Lemuel_Smith,Michael S. Brown,1941-04-13,"New York, NY, United States of America",Male,Medicine,0
45,Lorenzo Gilyard,"May 24, 1950","Kansas City, Missouri , U.S.",M,United States,life_sentence_category;sentence_incarcerated,https://en.wikipedia.org/wiki/Lorenzo_Gilyard,Robert B. Laughlin,1950-11-01,"Visalia, CA, United States of America",Male,Physics,0
46,Lucy Letby,4 January 1990,"Hereford , England",U,England,life_sentence_category,https://en.wikipedia.org/wiki/Lucy_Letby,Tawakkol Karman,1979-02-07,"Ta'izz, Yemen",Female,Peace,11
47,Marc Dutroux,6 November 1956,"Ixelles , Brussels , Belgium",U,Belgium,life_sentence_category,https://en.wikipedia.org/wiki/Marc_Dutroux,Kazuo Ishiguro,1954-11-08,"Nagasaki, Japan",Male,Literature,2
48,Mark Goudeau,"September 6, 1964","Phoenix, Arizona , U.S.",M,United States,life_sentence_category;death_sentence_category,https://en.wikipedia.org/wiki/Mark_Goudeau,Andrew Z. Fire,1959-04-27,"Stanford, CA, United States of America",Male,Medicine,5
49,Maxim Petrov,14 November 1965,"Kolpino , Leningrad Oblast , RSFSR , Soviet Union",U,Russia,named_inmate_category;life_sentence_category,https://en.wikipedia.org/wiki/Maxim_Petrov,Eric Betzig,1960-01-13,"Ann Arbor, MI, United States of America",Male,Chemistry,5
50,Michael Swango,"October 21, 1954","Tacoma, Washington , U.S.",M,United States,named_inmate_category;life_sentence_category;sentence_incarcerated,https://en.wikipedia.org/wiki/Michael_Swango,William E. Moerner,1953-06-24,"Pleasanton, CA, United States of America",Male,Chemistry,1
51,Michael Wayne McGray,"July 11, 1965","Collingwood, Ontario Canada",M,Canada United States (alleged),life_sentence_category,https://en.wikipedia.org/wiki/Michael_Wayne_McGray,Abhijit Banerjee,1961-02-21,"Mumbai, India",Male,Economics,4
52,Mikhail Popkov,7 March 1964,"Norilsk , Krasnoyarsk Krai , Russian SFSR , USSR",M,Russia,named_inmate_category;life_sentence_category,https://en.wikipedia.org/wiki/Mikhail_Popkov,Koichi Tanaka,1959-08-03,"Toyama City, Japan",Male,Chemistry,5
53,Nathaniel White,"July 28, 1960",,U,United States,life_sentence_category,https://en.wikipedia.org/wiki/Nathaniel_White,Gregg Semenza,1956-07-12,"New York, NY, United States of America",Male,Medicine,4
54,Niels Högel,30 December 1976,"Wilhelmshaven , Lower Saxony , West Germany",M,Germany,life_sentence_category;sentence_incarcerated,https://en.wikipedia.org/wiki/Niels_Högel,Benjamin List,1968-01-11,"Frankfurt-on-the-Main, Germany",Male,Chemistry,8
55,Nikolai Dudin,22 December 1973,"Mikhalkovo, Ivanovo Oblast , RSFSR , Soviet Union",U,Soviet Union,named_inmate_category,https://en.wikipedia.org/wiki/Nikolai_Dudin,Andrea Ghez,1965-06-16,"New York, NY, United States of America",Female,Physics,8
56,Nikolai Dzhumagaliev,15 November 1952,"Uzynagash , Kazakh SSR , Soviet Union",U,Soviet Union,life_sentence_category,https://en.wikipedia.org/wiki/Nikolai_Dzhumagaliev,Jack W. Szostak,1952-11-09,"London, United Kingdom",Male,Medicine,0
57,Pam Hupp,"October 10, 1958",,F,United States,life_sentence_category;sentence_incarcerated,https://en.wikipedia.org/wiki/Pam_Hupp,Katalin Karikó,1955-01-17,"Szolnok, Hungary",Female,Medicine,3
58,Paul Durousseau,"August 11, 1970","Beaumont , Texas , U.S.",U,United States,death_sentence_category;sentence_incarcerated,https://en.wikipedia.org/wiki/Paul_Durousseau,May-Britt Moser,1963-01-04,"Fosnavåg, Norway",Female,Medicine,7
59,Paul Steven Haigh,5 September 1957,,M,Australia,life_sentence_category,https://en.wikipedia.org/wiki/Paul_Steven_Haigh,Shuji Nakamura,1954-05-22,"Ikata, Japan",Male,Physics,3
60,Reta Mays,"June 16, 1975","Reynoldsville, West Virginia , U.S.",F,United States,life_sentence_category,https://en.wikipedia.org/wiki/Reta_Mays,Carolyn Bertozzi,1966-10-10,"Boston, MA, United States of America",Female,Chemistry,9
61,Richard Angelo,"August 29, 1962","Long Island, New York , U.S.",M,United States,life_sentence_category,https://en.wikipedia.org/wiki/Richard_Angelo,William Kaelin,1957-11-23,"New York, NY, United States of America",Male,Medicine,5
62,Robert Joseph Silveria Jr.,"March 3, 1959","Redwood City, California , U.S.",U,United States,life_sentence_category,https://en.wikipedia.org/wiki/Robert_Joseph_Silveria_Jr.,David Julius,1955-11-04,"New York, NY, United States of America",Male,Medicine,4
63,Robledo Puch,19 January 1952,"Buenos Aires , Argentina",U,Argentina,life_sentence_category,https://en.wikipedia.org/wiki/Robledo_Puch,Orhan Pamuk,1952-06-07,"Istanbul, Türkiye",Male,Literature,0
64,Rory Enrique Conde,"June 14, 1965","Barranquilla , Atlántico Department, Colombia",M,United States,death_sentence_category,https://en.wikipedia.org/wiki/Rory_Enrique_Conde,Craig C. Mello,1960-10-19,"New Haven, CT, United States of America",Male,Medicine,5
65,Sean Vincent Gillis,"June 24, 1962","Baton Rouge, Louisiana , U.S.",M,United States,life_sentence_category,https://en.wikipedia.org/wiki/Sean_Vincent_Gillis,Andre Geim,1958-10-21,"Sochi, Russia",Male,Physics,4
66,Sergei Martynov,2 June 1962,"Nyazepetrovsk , Chelyabinsk Oblast , Soviet Union",U,Russia,named_inmate_category;life_sentence_category,https://en.wikipedia.org/wiki/Sergei_Martynov_(serial_killer),Frances H. Arnold,1956-07-25,"Pittsburgh, PA, United States of America",Female,Chemistry,6
67,Sergey Shipilov,17 May 1959,"Arkhangelsk , Arkhangelsk Oblast , RSFSR",U,Russia,named_inmate_category,https://en.wikipedia.org/wiki/Sergey_Shipilov,Mo Yan,1955-02-02,"Gaomi, China",Male,Literature,4
68,Sibusiso Duma,6 May 1984,South Africa,U,South Africa,life_sentence_category,https://en.wikipedia.org/wiki/Sibusiso_Duma,Konstantin Novoselov,1974-08-23,"Nizhny Tagil, Russia",Male,Physics,10
69,Stephan Letter,17 September 1978,"Herdecke , North Rhine-Westphalia , West Germany",U,Germany,life_sentence_category,https://en.wikipedia.org/wiki/Stephan_Letter,Adam G. Riess,1969-12-16,"Washington, DC, United States of America",Male,Physics,9
70,Timothy Krajcir,"November 28, 1944","West Mahanoy Township, Pennsylvania , U.S.",M,,life_sentence_category;sentence_incarcerated,https://en.wikipedia.org/wiki/Timothy_Krajcir,Erwin Neher,1944-03-20,"Landsberg, Germany",Male,Medicine,0
71,Todd Kohlhepp,"March 7, 1971","Fort Lauderdale, Florida , U.S.",M,United States,life_sentence_category;sentence_incarcerated,https://en.wikipedia.org/wiki/Todd_Kohlhepp,Guido Imbens,1963-09-03,"Geldrop, Netherlands",Male,Economics,8
72,Very Idham Henyansyah,"February 1, 1978","Jombang , Indonesia",U,Indonesia,death_sentence_category,https://en.wikipedia.org/wiki/Very_Idham_Henyansyah,Esther Duflo,1972-10-25,"Paris, France",Female,Economics,6
73,Vickie Dawn Jackson,"February 13, 1966","Montague County, Texas , U.S.",F,United States,life_sentence_category,https://en.wikipedia.org/wiki/Vickie_Dawn_Jackson,Donna Strickland,1959-05-27,"Guelph, Canada",Female,Physics,7
74,Vincent Johnson,"January 6, 1969","Brooklyn , New York , U.S.",U,United States,life_sentence_category,https://en.wikipedia.org/wiki/Vincent_Johnson,Stefan W. Hell,1962-12-23,"Arad, Romania",Male,Chemistry,7
75,Vladimir Kuzmin,14 September 1965,"Moscow , RSFSR , Soviet Union",U,Russia,life_sentence_category,https://en.wikipedia.org/wiki/Vladimir_Kuzmin_(serial_killer),Joshua Angrist,1960-09-18,"Columbus, OH, United States of America",Male,Economics,5
76,Vladimir Mukhankin,22 April 1960,"Zernogradsky District , Rostov Oblast , RSFSR , Soviet Union",U,Russia,named_inmate_category;life_sentence_category;death_sentence_category,https://en.wikipedia.org/wiki/Vladimir_Mukhankin,Brian K. Kobilka,1955-05-30,"Little Falls, MN, United States of America",Male,Chemistry,5
77,Vladimir Retunsky,4 February 1950,"Povorino , Voronezh Oblast , RSFSR , Soviet Union",M,Soviet Union,death_sentence_category,https://en.wikipedia.org/wiki/Vladimir_Retunsky,Russell A. Hulse,1950-11-28,"New York, NY, United States of America",Male,Physics,0
78,Wayne Williams,"May 27, 1958","Atlanta , Georgia, U.S.",M,United States,life_sentence_category,https://en.wikipedia.org/wiki/Wayne_Williams,Kailash Satyarthi,1954-01-11,"Vidisha, India",Male,Peace,4
79,William Edward Wells,"October 7, 1975","Florida , U.S.",M,,life_sentence_category;death_sentence_category,https://en.wikipedia.org/wiki/William_Edward_Wells,Brian P. Schmidt,1967-02-24,"Missoula, MT, United States of America",Male,Physics,8
80,William Patrick Fyfe,"February 27, 1955","Toronto , Ontario , Canada",U,Canada,life_sentence_category,https://en.wikipedia.org/wiki/William_Patrick_Fyfe,Paul Krugman,1953-02-28,"New York, NY, United States of America",Male,Economics,2
81,William Suff,"August 20, 1950","Torrance, California , U.S.",M,United States,death_sentence_category,https://en.wikipedia.org/wiki/William_Suff,J. Georg Bednorz,1950-05-16,"Neuenkirchen, Germany",Male,Physics,0
82,Yevgeny Petrov,17 December 1975,"Novouralsk , Sverdlovsk Oblast , RSFSR , Soviet Union",U,Russia,life_sentence_category,https://en.wikipedia.org/wiki/Yevgeny_Petrov_(serial_killer),Didier Queloz,1966-02-23,"Geneva, Switzerland",Male,Physics,9
