pair_id	offender_name	offender_dob	control_name	control_dob
1	Alexander Bychkov	1988-04-01	Abiy Ahmed Ali	1976-08-15
2	Alexander Pichushkin	1974-04-09	Michael Kremer	1964-11-12
3	Alfred Gaynor	1966-12-10	Eric A. Cornell	1961-12-19
4	Alfredo Galán	1978-04-05	Narges Mohammadi	1972-04-21
5	Alun Kyte	1964-07-07	Takaaki Kajita	1959-03-09
6	Anthony Kirkland	1968-09-13	Ales Bialiatski	1962-09-25
7	Bernard Giles	1953-04-09	Douglas Diamond	1953-10-25
8	Beverley Allitt	1968-10-04	Olga Tokarczuk	1962-01-29
9	Brenda Agüero	1995-06-02	Malala Yousafzai	1997-07-12
10	Charles Cullen	1960-02-22	Liu Xiaobo	1955-12-28
11	Cleophus Prince Jr.	1967-07-24	Ferenc Krausz	1962-05-17
12	Colin Norris	1976-02-12	David MacMillan	1968-03-16
13	Daniel Blank	1962-06-28	Bruce A. Beutler	1957-12-29
14	Darren Deon Vann	1971-03-21	Shinya Yamanaka	1962-09-04
15	David Berkowitz	1953-06-01	Jean Tirole	1953-08-09
16	David Carpenter	1930-05-06	Leon Neil Cooper	1930-02-28
17	Dayton Leroy Rogers	1953-09-30	Ben Bernanke	1953-12-13
18	Denis Pischikov	1983-04-12	Leymah Gbowee	1972-02-01
19	Dennis Rader	1945-03-09	Richard R. Schrock	1945-01-04
20	Edmund Kemper	1948-12-18	Hartmut Michel	1948-07-18
21	Efren Saldivar	1969-09-30	Edvard I. Moser	1962-04-27
22	Elias Abuelazam	1976-08-29	Emmanuelle Charpentier	1968-12-11
23	Elizabeth Wettlaufer	1967-06-10	Carol W. Greider	1961-04-15
24	Faryion Wardrip	1959-03-06	Philip Dybvig	1955-05-22
25	Francis Heaulme	1959-02-25	Thomas C. Südhof	1955-12-22
26	Gary Ridgway	1949-02-18	José Ramos-Horta	1949-12-26
27	Guy Georges	1962-10-15	Wolfgang Ketterle	1957-10-21
28	Harrison Graham	1959-09-09	Svante Pääbo	1955-04-20
29	Henry Louis Wallace	1965-11-04	Barack H. Obama	1961-08-04
30	Joan Vila Dilmé	1965-09-26	Hiroshi Amano	1960-09-11
31	Joel Rifkin	1959-01-20	Denis Mukwege	1955-03-01
32	John Edward Robinson	1943-12-27	Lech Walesa	1943-09-29
33	John Floyd Thomas Jr.	1936-07-26	Samuel Chao Chung Ting	1936-01-27
34	José Manuel Martínez	1962-06-13	Roderick MacKinnon	1956-02-19
35	Joseph James DeAngelo	1945-11-08	Douglas D. Osheroff	1945-08-01
36	Joseph Naso	1934-01-07	Howard Martin Temin	1934-12-10
37	Julio Pérez Silva	1963-07-15	Drew Weissman	1959-09-07
38	Kang Ho-sun	1969-10-10	Maria Ressa	1963-10-02
39	Keith Hunter Jesperson	1955-04-06	Peter Ratcliffe	1954-05-14
40	Kenneth Bianchi	1951-05-22	Carl E. Wieman	1951-03-26
41	Kenneth Erskine	1963-07-01	Jon Fosse	1959-09-29
42	Kimberly Clark Saenz	1973-11-03	Jennifer A. Doudna	1964-02-19
43	Kristen Gilbert	1967-11-13	Rigoberta Menchú Tum	1959-01-09
44	Lemuel Smith	1941-07-23	Michael S. Brown	1941-04-13
45	Lorenzo Gilyard	1950-05-24	Robert B. Laughlin	1950-11-01
46	Lucy Letby	1990-01-04	Tawakkol Karman	1979-02-07
47	Marc Dutroux	1956-11-06	Kazuo Ishiguro	1954-11-08
48	Mark Goudeau	1964-09-06	Andrew Z. Fire	1959-04-27
49	Maxim Petrov	1965-11-14	Eric Betzig	1960-01-13
50	Michael Swango	1954-10-21	William E. Moerner	1953-06-24
51	Michael Wayne McGray	1965-07-11	Abhijit Banerjee	1961-02-21
52	Mikhail Popkov	1964-03-07	Koichi Tanaka	1959-08-03
53	Nathaniel White	1960-07-28	Gregg Semenza	1956-07-12
54	Niels Högel	1976-12-30	Benjamin List	1968-01-11
55	Nikolai Dudin	1973-12-22	Andrea Ghez	1965-06-16
56	Nikolai Dzhumagaliev	1952-11-15	Jack W. Szostak	1952-11-09
57	Pam Hupp	1958-10-10	Katalin Karikó	1955-01-17
58	Paul Durousseau	1970-08-11	May-Britt Moser	1963-01-04
59	Paul Steven Haigh	1957-09-05	Shuji Nakamura	1954-05-22
60	Reta Mays	1975-06-16	Carolyn Bertozzi	1966-10-10
61	Richard Angelo	1962-08-29	William Kaelin	1957-11-23
62	Robert Joseph Silveria Jr.	1959-03-03	David Julius	1955-11-04
63	Robledo Puch	1952-01-19	Orhan Pamuk	1952-06-07
64	Rory Enrique Conde	1965-06-14	Craig C. Mello	1960-10-19
65	Sean Vincent Gillis	1962-06-24	Andre Geim	1958-10-21
66	Sergei Martynov	1962-06-02	Frances H. Arnold	1956-07-25
67	Sergey Shipilov	1959-05-17	Mo Yan	1955-02-02
68	Sibusiso Duma	1984-05-06	Konstantin Novoselov	1974-08-23
69	Stephan Letter	1978-09-17	Adam G. Riess	1969-12-16
70	Timothy Krajcir	1944-11-28	Erwin Neher	1944-03-20
71	Todd Kohlhepp	1971-03-07	Guido Imbens	1963-09-03
72	Very Idham Henyansyah	1978-02-01	Esther Duflo	1972-10-25
73	Vickie Dawn Jackson	1966-02-13	Donna Strickland	1959-05-27
74	Vincent Johnson	1969-01-06	Stefan W. Hell	1962-12-23
75	Vladimir Kuzmin	1965-09-14	Joshua Angrist	1960-09-18
76	Vladimir Mukhankin	1960-04-22	Brian K. Kobilka	1955-05-30
77	Vladimir Retunsky	1950-02-04	Russell A. Hulse	1950-11-28
78	Wayne Williams	1958-05-27	Kailash Satyarthi	1954-01-11
79	William Edward Wells	1975-10-07	Brian P. Schmidt	1967-02-24
80	William Patrick Fyfe	1955-02-27	Paul Krugman	1953-02-28
81	William Suff	1950-08-20	J. Georg Bednorz	1950-05-16
82	Yevgeny Petrov	1975-12-17	Didier Queloz	1966-02-23
