pair,offender,offender_dob,recorded_sex,control,control_dob,control_sex
1,Alexander Pichushkin,1974-04-09,M,Konstantin Novoselov,1974-08-23,M
2,Alfred Gaynor,1966-12-10,U,Didier Queloz,1966-02-23,M
3,Anthony Kirkland,1968-09-13,M,Benjamin List,1968-01-11,M
4,Bernard Giles,1953-04-09,M,Paul Krugman,1953-02-28,M
5,Beverley Allitt,1968-10-04,F,Emmanuelle Charpentier,1968-12-11,F
6,Charles Cullen,1960-02-22,M,Joshua Angrist,1960-09-18,M
7,Cleophus Prince Jr.,1967-07-24,M,Brian P. Schmidt,1967-02-24,M
8,Daniel Blank,1962-06-28,U,Olga Tokarczuk,1962-01-29,F
9,David Berkowitz,1953-06-01,M,Ben Bernanke,1953-12-13,M
10,David Carpenter,1930-05-06,M,Leon Neil Cooper,1930-02-28,M
11,Dayton Leroy Rogers,1953-09-30,M,William E. Moerner,1953-06-24,M
12,Dennis Rader,1945-03-09,M,Douglas D. Osheroff,1945-08-01,M
13,Edmund Kemper,1948-12-18,M,Hartmut Michel,1948-07-18,M
14,Efren Saldivar,1969-09-30,M,Adam G. Riess,1969-12-16,M
15,Faryion Wardrip,1959-03-06,M,Drew Weissman,1959-09-07,M
16,Francis Heaulme,1959-02-25,U,Rigoberta Menchú Tum,1959-01-09,F
17,Gary Ridgway,1949-02-18,M,José Ramos-Horta,1949-12-26,M
18,Guy Georges,1962-10-15,U,Edvard I. Moser,1962-04-27,M
19,Harrison Graham,1959-09-09,M,Koichi Tanaka,1959-08-03,M
20,Joel Rifkin,1959-01-20,U,Donna Strickland,1959-05-27,F
21,John Edward Robinson,1943-12-27,M,Lech Walesa,1943-09-29,M
22,John Floyd Thomas Jr.,1936-07-26,M,Samuel Chao Chung Ting,1936-01-27,M
23,José Manuel Martínez,1962-06-13,M,Ales Bialiatski,1962-09-25,M
24,Joseph James DeAngelo,1945-11-08,M,Richard R. Schrock,1945-01-04,M
25,Joseph Naso,1934-01-07,M,Howard Martin Temin,1934-12-10,M
26,Keith Hunter Jesperson,1955-04-06,M,Denis Mukwege,1955-03-01,M
27,Kenneth Bianchi,1951-05-22,M,Carl E. Wieman,1951-03-26,M
28,Kenneth Erskine,1963-07-01,M,Guido Imbens,1963-09-03,M
29,Lemuel Smith,1941-07-23,M,Michael S. Brown,1941-04-13,M
30,Lorenzo Gilyard,1950-05-24,M,Russell A. Hulse,1950-11-28,M
31,Marc Dutroux,1956-11-06,U,Gregg Semenza,1956-07-12,M
32,Mark Goudeau,1964-09-06,M,Michael Kremer,1964-11-12,M
33,Michael Swango,1954-10-21,M,Kazuo Ishiguro,1954-11-08,M
34,Nathaniel White,1960-07-28,U,Hiroshi Amano,1960-09-11,M
35,Niels Högel,1976-12-30,M,Abiy Ahmed Ali,1976-08-15,M
36,Nikolai Dzhumagaliev,1952-11-15,U,Jack W. Szostak,1952-11-09,M
37,Paul Steven Haigh,1957-09-05,M,Wolfgang Ketterle,1957-10-21,M
38,Richard Angelo,1962-08-29,M,Shinya Yamanaka,1962-09-04,M
39,Robert Joseph Silveria Jr.,1959-03-03,U,Jon Fosse,1959-09-29,M
40,Robledo Puch,1952-01-19,U,Orhan Pamuk,1952-06-07,M
41,Sean Vincent Gillis,1962-06-24,M,Stefan W. Hell,1962-12-23,M
42,Sergei Martynov,1962-06-02,U,Ferenc Krausz,1962-05-17,M
43,Sergey Shipilov,1959-05-17,U,Takaaki Kajita,1959-03-09,M
44,Timothy Krajcir,1944-11-28,M,Erwin Neher,1944-03-20,M
45,Vickie Dawn Jackson,1966-02-13,F,Carolyn Bertozzi,1966-10-10,F
46,Vladimir Kuzmin,1965-09-14,U,Andrea Ghez,1965-06-16,F
47,Vladimir Mukhankin,1960-04-22,U,Eric Betzig,1960-01-13,M
48,Vladimir Retunsky,1950-02-04,M,Robert B. Laughlin,1950-11-01,M
49,Wayne Williams,1958-05-27,M,Andre Geim,1958-10-21,M
50,William Patrick Fyfe,1955-02-27,U,Liu Xiaobo,1955-12-28,M
51,William Suff,1950-08-20,M,J. Georg Bednorz,1950-05-16,M
